ACCIDENT_YEAR,COLLISION_DATE,COLLISION_TIME,MONTH,SEASON,24HOURS,DAY_OF_WEEK,INTERSECTION,WEATHER_1,STATE_HWY_IND,ROAD_SURFACE,ROAD_COND_1,LIGHTING,STWD_VEHTYPE_AT_FAULT,CHP_VEHTYPE_AT_FAULT,DIRECTION,PCF_VIOL_CATEGORY,TYPE_OF_COLLISION,PEDESTRIAN_ACCIDENT,BICYCLE_ACCIDENT,MOTORCYCLE_ACCIDENT,TRUCK_ACCIDENT,MVIW,TOW_AWAY,HIT_AND_RUN,CONTROL_DEVICE,NUMBER_INJURED,COUNT_PED_INJURED,COUNT_BICYCLIST_INJURED,COUNT_MC_INJURED,PCF_VIOLATION,PARTY_COUNT,POINT_Y,POINT_X,COLLISION_SEVERITY
2016,2016-08-07,1540,8,2,15,7,N,A,Y,A,H,A,D,22,E,09,D,,,,,C,Y,N,D,2,0,0,0,21801.0,2,36.86094998,-121.57760001,4
2016,2016-08-14,1750,8,2,17,7,N,A,N,A,H,A,D,22,E,08,F,,,,,A,Y,N,D,2,0,0,0,22107.0,1,36.89941945,-121.37197234,4
2016,2016-08-14,138,8,2,1,7,N,A,Y,A,H,D,A,01,E,01,E,,,,,I,Y,N,D,1,0,0,0,23152.0,1,36.8620887,-121.57984638,3
2016,2016-08-20,1520,8,2,15,6,N,A,N,A,H,A,D,22,S,01,E,,,,,I,Y,N,D,1,0,0,0,23152.0,1,36.7906407,-121.40282702,3
2016,2016-07-16,1042,7,2,10,6,N,A,N,A,H,A,A,01,N,08,E,,,,,I,Y,N,D,3,0,0,0,22107.0,1,36.95686154,-121.41641365,3
2016,2016-06-16,2110,6,2,21,4,N,A,N,A,H,D,D,22,E,01,F,,,,,A,Y,N,D,0,0,0,0,23152.0,1,36.85362,-121.31011,1
2016,2016-08-12,1920,8,2,19,5,N,A,Y,A,H,A,A,07,E,03,C,,,,,C,Y,F,D,1,0,0,0,22350.0,3,36.93336599,-121.38810024,4
2016,2016-08-21,1515,8,2,15,7,N,A,Y,A,H,A,A,01,N,03,C,,,,,C,Y,N,D,4,0,0,0,22350.0,2,36.86204157,-121.57884672,2
2016,2016-08-27,1450,8,2,14,6,N,A,Y,A,H,A,A,01,S,03,C,,,,,C,Y,N,D,1,0,0,0,22350.0,2,36.92544106,-121.46382735,4
2016,2016-08-22,1720,8,2,17,1,N,A,Y,A,H,A,A,01,S,08,F,,,,,A,Y,N,D,1,0,0,0,22107.0,1,36.76829648,-121.30229284,4
2016,2016-08-27,250,8,2,2,6,N,A,N,A,H,D,D,22,W,08,E,,,,,I,Y,N,D,1,0,0,0,22107.0,1,36.89770329,-121.37714365,3
2016,2016-07-29,1210,7,2,12,5,N,A,N,A,H,A,A,01,E,08,C,,,,,C,Y,N,D,3,0,0,0,22107.0,2,36.94016662,-121.4216417,4
2016,2016-08-26,1445,8,2,14,5,N,A,Y,A,H,A,A,01,N,03,C,,,,,C,Y,N,D,2,0,0,0,22350.0,4,36.88819202,-121.55850098,4
2016,2016-08-23,1755,8,2,17,2,Y,A,N,A,H,A,A,01,,12,D,,,,,C,Y,N,A,1,0,0,0,22450.0,2,36.92038009,-121.37183999,4
2016,2016-07-11,2055,7,2,20,1,Y,A,Y,A,H,D,A,08,,12,D,,,,,C,Y,N,A,1,0,0,0,22450.0,2,36.84120791,-121.50869902,1
2016,2016-08-26,1430,8,2,14,5,N,A,Y,A,H,A,D,22,W,03,C,,,,,C,Y,N,D,1,0,0,0,22350.0,2,36.84158241,-121.47581024,4
2016,2016-08-22,55,8,2,0,1,N,A,Y,A,H,D,D,22,S,08,F,,,,,A,Y,N,D,1,0,0,0,22107.0,1,36.86096024,-121.53687295,3
2016,2016-08-27,1030,8,2,10,6,N,A,Y,A,H,A,C,02,S,08,E,,,Y,,I,Y,N,D,1,0,0,1,22107.0,1,36.56261933,-121.17787247,4
2016,2016-08-28,1900,8,2,19,7,Y,A,Y,A,H,B,A,01,,08,A,,,,,C,Y,N,A,2,0,0,0,22100.0,2,36.85251755,-121.45103069,4
2016,2016-08-30,1220,8,2,12,2,N,A,Y,A,H,A,A,01,E,05,B,,,,Y,C,Y,N,D,4,0,0,0,21460.0,2,36.84162667,-121.47227131,3
2016,2016-09-05,2343,9,3,23,1,N,A,N,A,H,D,A,01,N,03,C,,,,,C,Y,N,D,1,0,0,0,22350.0,2,36.951471,-121.4736728,3
2016,2016-09-01,620,9,3,6,4,Y,A,Y,A,H,A,A,01,,09,A,,,,,C,Y,N,A,3,0,0,0,21802.0,2,36.86101032,-121.57769597,4
2016,2016-09-03,1530,9,3,15,6,Y,A,N,A,H,A,A,01,,01,F,,,,,A,Y,N,D,1,0,0,0,23152.0,1,36.85249531,-121.44480497,3
2016,2016-08-31,640,8,2,6,3,N,A,Y,A,H,A,C,02,S,03,C,,,Y,,C,Y,N,D,1,0,0,1,22350.0,2,36.94311327,-121.50125557,4
2016,2016-09-07,1005,9,3,10,3,N,A,N,A,H,A,A,01,N,08,E,,,,,I,Y,N,D,1,0,0,0,22107.0,1,36.94656156,-121.42658705,4
2016,2016-09-07,1554,9,3,15,3,N,A,N,A,H,A,A,07,E,09,C,,,,,C,Y,N,A,1,0,0,0,21802.0,2,36.93861102,-121.45650865,4
2016,2016-09-10,1250,9,3,12,6,N,A,Y,A,H,A,A,07,S,03,C,,,,,C,N,N,D,1,0,0,0,22350.0,2,36.86135747,-121.58634354,4
2016,2016-09-18,855,9,3,8,7,N,A,N,A,H,A,D,22,E,08,A,,,,,C,Y,N,D,1,0,0,0,22107.0,2,36.86900751,-121.39207539,4
2016,2016-09-17,255,9,3,2,6,N,A,Y,A,H,D,A,01,N,08,E,,,,,I,Y,F,D,2,0,0,0,22107.0,1,36.89001185,-121.5574529,3
2016,2016-09-16,2000,9,3,20,5,N,A,N,A,H,D,A,07,N,08,E,,,,,I,Y,N,D,1,0,0,0,22107.0,1,36.80587558,-121.27572613,2
2016,2016-09-14,2230,9,3,22,3,N,A,N,A,H,C,A,01,S,08,E,,,,,I,Y,N,D,1,0,0,0,22107.0,1,36.85870214,-121.36365,3
2016,2016-09-17,1245,9,3,12,6,N,A,Y,A,H,A,A,01,N,03,C,,,,,C,N,N,D,1,0,0,0,22350.0,2,36.85959002,-121.60102686,4
2016,2016-09-15,1515,9,3,15,4,N,A,Y,A,H,A,A,01,N,03,C,,,,,C,Y,N,D,3,0,0,0,22350.0,5,36.8596271,-121.60138135,3
2016,2016-06-02,1230,6,2,12,4,N,A,Y,A,H,A,C,02,N,08,F,,,Y,,A,Y,N,D,1,0,0,1,22107.0,2,36.8591089,-121.39077531,3
2016,2016-09-27,730,9,3,7,2,N,A,N,A,H,A,A,01,N,01,E,,,,,I,Y,F,D,4,0,0,0,23152.0,1,36.78866519,-121.35616004,3
2016,2016-09-19,1730,9,3,17,1,N,A,Y,A,H,A,G,25,E,03,C,,,,Y,C,Y,N,D,2,0,0,0,22350.0,2,36.9079397,-121.40361787,3
2016,2016-09-25,1545,9,3,15,7,N,A,N,A,H,A,C,02,N,03,F,,,Y,,A,Y,N,D,1,0,0,1,22350.0,1,36.78922599,-121.34358218,3
2016,2016-09-26,1915,9,3,19,1,N,A,Y,A,H,D,A,01,S,03,C,,,,,C,Y,N,D,1,0,0,0,22350.0,3,36.92802641,-121.46929694,3
2016,2016-09-23,1820,9,3,18,5,N,A,N,A,H,A,D,22,E,09,D,,,,,C,Y,N,D,3,0,0,0,21801.0,2,36.85553667,-121.37305464,3
2016,2016-09-23,2055,9,3,20,5,N,A,N,A,H,D,A,01,E,08,E,,,,,I,Y,N,D,3,0,0,0,22107.0,1,36.65345207,-121.12170243,4
2016,2016-09-28,1640,9,3,16,3,N,A,Y,A,H,A,A,08,E,03,C,,,,,C,Y,N,D,3,0,0,0,22350.0,3,36.84147266,-121.48587055,3
2016,2016-10-03,1910,10,3,19,1,Y,A,Y,A,H,C,G,25,,12,D,,,,Y,C,Y,N,A,2,0,0,0,21453.0,2,36.93313584,-121.38816838,4
2016,2016-10-01,838,10,3,8,6,N,A,N,A,H,B,D,22,W,01,F,,,,,A,Y,N,D,1,0,0,0,23152.0,1,36.6973875,-121.23034542,3
2016,2016-10-07,2149,10,3,21,5,Y,A,Y,A,H,D,A,01,,09,D,,,,,C,Y,N,A,1,0,0,0,21802.0,2,36.8696025,-121.40652469,4
2016,2016-10-12,1630,10,3,16,3,Y,A,Y,A,H,A,A,08,,09,D,,,,,C,Y,N,A,1,0,0,0,21802.0,3,36.8696025,-121.40652469,4
2016,2016-10-07,1610,10,3,16,5,N,A,Y,A,H,A,A,01,W,03,C,,,,,C,Y,N,D,1,0,0,0,22350.0,2,36.84159129,-121.47510116,4
2016,2016-10-15,2240,10,3,22,6,N,B,N,B,H,C,A,01,N,09,D,,,,,C,Y,N,D,2,0,0,0,21804.0,2,36.89286835,-121.40131397,4
2016,2016-07-21,527,7,2,5,4,N,A,Y,A,H,B,A,01,N,08,E,,,,,J,Y,N,D,0,0,0,0,22107.0,1,36.86265299,-121.57860594,1
2016,2016-09-24,1309,9,3,13,6,N,A,N,A,H,A,-,- ,N,00,D,,,Y,,C,Y,N,D,1,0,0,1,,2,36.69383,-121.27199,3
2016,2016-10-08,100,10,3,1,6,N,A,N,A,H,D,A,01,S,05,A,,,,,C,Y,N,D,3,0,0,0,21650.0,2,36.92802905,-121.40698314,2
2016,2016-10-05,1038,10,3,10,3,N,A,Y,A,H,A,A,07,N,03,C,,,,,C,Y,N,D,2,0,0,0,22350.0,4,36.87795933,-121.41252205,2
2016,2016-10-23,225,10,3,2,7,N,A,Y,A,H,D,A,01,E,08,E,,,,,J,Y,N,D,1,0,0,0,22107.0,1,36.86270863,-121.5821549,3
2016,2016-10-13,916,10,3,9,4,N,A,Y,A,H,A,F,26,S,03,C,,,,Y,C,Y,N,A,1,0,0,0,22350.0,3,36.85712,-121.62895,4
2016,2016-10-24,1945,10,3,19,1,N,A,Y,A,H,D,A,01,S,03,C,,,,,C,Y,N,D,2,0,0,0,22350.0,2,36.87577538,-121.41114753,4
2016,2016-10-23,1241,10,3,12,7,N,A,N,A,H,A,C,02,W,08,F,,,Y,,A,N,N,D,1,0,0,1,22107.0,1,36.68969489,-121.27392769,3
2016,2016-10-23,1240,10,3,12,7,N,A,N,A,H,A,C,02,,08,F,,,Y,,A,N,N,D,2,0,0,2,22107.0,1,36.68943894,-121.27214491,4
2016,2016-10-30,700,10,3,7,7,N,B,N,A,H,A,D,22,N,08,F,,,,,A,Y,N,D,1,0,0,0,22107.0,1,36.8365899,-121.55998707,4
2016,2016-11-03,1835,11,3,18,4,N,A,Y,A,H,D,D,22,N,03,C,,,,,C,Y,N,D,1,0,0,0,22350.0,3,36.85955365,-121.60368187,4
2016,2016-11-04,1515,11,3,15,5,Y,A,Y,A,H,A,A,01,,09,D,,,,,C,Y,N,A,1,0,0,0,21802.0,2,36.86379816,-121.44403059,4
2016,2016-11-11,734,11,3,7,5,N,A,Y,A,H,A,A,01,N,07,B,,,,,C,Y,N,D,1,0,0,0,21658.0,2,36.86087532,-121.62226886,4
2016,2016-11-13,942,11,3,9,7,N,A,N,A,H,A,A,01,W,08,E,,,,,I,Y,N,D,1,0,0,0,22107.0,1,36.94237259,-121.44132668,4
2016,2016-11-10,1745,11,3,17,4,Y,A,Y,A,H,A,A,01,,09,D,,,,,C,Y,N,A,3,0,0,0,21802.0,2,36.85960309,-121.60411385,4
2016,2016-10-15,733,10,3,7,6,N,B,Y,B,H,B,D,22,S,08,E,,,,,I,Y,N,D,0,0,0,0,22107.0,1,36.9457458,-121.50678542,1
2016,2016-10-31,405,10,3,4,1,Y,A,Y,A,H,D,A,01,,12,D,,,,,C,Y,N,D,1,0,0,0,22450.0,2,36.8638915,-121.44397863,4
2016,2016-11-19,2250,11,3,22,6,N,C,Y,B,H,C,A,08,N,03,E,,,,,I,Y,N,D,1,0,0,0,22350.0,1,36.86350629,-121.61664828,4
2016,2016-11-10,900,11,3,9,4,N,A,Y,A,H,A,A,07,N,08,F,,,,,A,Y,N,D,1,0,0,0,22107.0,1,36.6146135,-121.21437384,3
2016,2016-11-24,1340,11,3,13,4,N,A,Y,A,H,A,A,07,S,03,C,,,,,C,Y,N,D,4,0,0,0,22350.0,2,36.86152,-121.58583,4
2016,2016-12-06,1325,12,4,13,2,N,B,Y,A,H,A,A,07,S,03,C,,,,,C,Y,N,D,5,0,0,0,22350.0,2,36.89480959,-121.55649059,4
2016,2016-12-05,430,12,4,4,1,N,A,Y,A,H,C,A,07,S,08,E,,,,,I,Y,N,D,1,0,0,0,22107.0,1,36.86498954,-121.39541124,3
2016,2016-11-02,730,11,3,7,3,N,B,N,A,H,A,G,25,W,05,A,,,,Y,C,Y,N,D,1,0,0,0,21460.0,3,36.94203122,-121.44677502,2
2016,2016-12-12,2100,12,4,21,1,N,A,Y,A,H,D,A,01,S,08,E,,,,,I,Y,N,D,1,0,0,0,22107.0,1,36.86039151,-121.36365,4
2016,2016-12-16,900,12,4,9,5,N,B,Y,B,H,A,A,01,W,08,E,,,,,I,Y,N,D,1,0,0,0,22107.0,1,36.84132623,-121.49668023,4
2016,2016-12-15,1144,12,4,11,4,N,C,Y,B,H,A,A,01,S,08,F,,,,,A,Y,N,D,1,0,0,0,22107.0,1,36.86146054,-121.61092645,3
2019,2019-12-18,1904,12,4,19,3,Y,C,Y,B,H,C,A,01,,12,D,,,,,D,Y,N,A,1,0,0,0,21453.0,2,36.83526611328125,-121.38823699951172,4
2016,2016-12-17,1350,12,4,13,6,N,B,Y,A,H,A,A,01,N,03,C,,,,,C,N,N,D,1,0,0,0,22350.0,2,36.90358929,-121.55655931,4
2016,2016-12-08,2130,12,4,21,4,N,B,N,B,H,D,A,07,W,08,E,,,,,I,Y,N,D,1,0,0,0,22107.0,1,36.6972698,-121.22999983,3
2016,2016-12-23,1530,12,4,15,5,N,C,Y,B,H,A,D,22,S,03,C,,,,,C,Y,N,D,2,0,0,0,22350.0,2,36.85994508,-121.60469479,4
2016,2016-12-25,1125,12,4,11,7,N,A,N,A,H,A,A,01,E,09,D,,,,,C,Y,N,D,1,0,0,0,21801.0,2,36.8582256,-121.62809372,4
2016,2016-12-23,2020,12,4,20,5,N,A,Y,B,H,D,A,01,N,08,E,,,,,I,Y,N,D,1,0,0,0,22107.0,1,36.86265063,-121.61719627,4
2016,2016-12-24,1700,12,4,17,6,N,A,N,A,H,B,A,01,N,01,E,,,,,I,Y,N,D,1,0,0,0,23152.0,1,36.75144,-121.38716,3
2016,2016-07-23,1940,7,2,19,6,N,A,Y,A,H,A,C,02,S,05,A,,,Y,,C,Y,N,D,0,0,0,0,21460.0,2,36.88902651,-121.42132517,1
2016,2016-12-27,1725,12,4,17,2,N,A,Y,A,H,D,D,22,W,03,C,,,,,C,Y,F,D,1,0,0,0,22350.0,2,36.88633218,-121.5645401,4
2016,2016-12-08,2140,12,4,21,4,N,C,N,B,H,D,A,07,W,08,E,,,,,I,Y,M,D,1,0,0,0,22107.0,1,36.85710003,-121.52687691,4
2016,2016-12-23,2225,12,4,22,5,N,A,Y,B,H,C,A,01,N,01,C,,,,Y,C,Y,N,A,1,0,0,0,23152.0,2,36.89504848,-121.42682107,3
2016,2016-12-26,945,12,4,9,1,N,A,Y,A,H,A,A,01,S,08,E,,,,,I,Y,N,D,1,0,0,0,22107.0,1,36.47150605,-121.06717556,4
2017,2017-01-15,1715,1,4,17,7,N,A,Y,A,H,B,D,22,N,03,C,,,,,C,Y,N,D,2,0,0,0,22350.0,2,36.91062558,-121.44203311,4
2017,2017-01-17,725,1,4,7,2,N,B,N,C,H,B,A,07,E,03,E,,,,,I,Y,N,D,1,0,0,0,22350.0,1,36.68856719,-121.302313,3
2017,2017-01-16,1810,1,4,18,1,N,A,N,A,H,D,A,01,N,06,A,,,,,C,Y,N,D,4,0,0,0,21751.0,3,36.92691351,-121.38005372,2
2017,2017-01-18,210,1,4,2,3,N,B,Y,A,H,D,-,- ,N,18,H,,,,Y,H,Y,N,D,1,0,0,0,,1,36.91690445,-121.54833874,4
2017,2017-01-12,1814,1,4,18,4,N,B,N,B,H,D,A,01,N,08,E,,,,,I,Y,N,D,1,0,0,0,22107.0,1,36.82892256,-121.43148672,4
2017,2017-01-18,2015,1,4,20,3,N,B,Y,B,H,D,D,22,S,01,E,,,,,I,Y,N,D,1,0,0,0,23152.0,1,36.8615803,-121.61110686,2
2017,2017-01-22,45,1,4,0,7,N,B,Y,B,H,D,A,01,S,03,E,,,,,I,Y,N,D,1,0,0,0,22350.0,1,36.86122488,-121.61057592,3
2017,2017-01-08,320,1,4,3,7,N,B,Y,B,H,D,A,07,N,01,E,,,,,I,Y,N,D,1,0,0,0,23152.0,1,36.88649415,-121.55944476,3
2017,2017-01-25,1614,1,4,16,3,N,A,Y,A,H,A,D,22,N,08,E,,,,,I,Y,N,D,1,0,0,0,22107.0,1,36.54623314,-121.15747987,3
2017,2017-01-25,1834,1,4,18,3,N,A,N,A,H,A,A,07,W,05,A,,,,,C,Y,N,D,1,0,0,0,21460.0,2,36.82867521,-121.4311663,3
2017,2017-02-08,458,2,4,4,3,N,B,Y,B,H,C,D,22,N,03,C,,,,,C,Y,N,D,1,0,0,0,22350.0,2,36.86263588,-121.61475781,4
2017,2017-02-03,1000,2,4,10,5,N,B,N,A,H,C,A,07,S,08,E,,,,,I,Y,N,D,1,0,0,0,22107.0,1,36.83911,-121.53265,4
2017,2017-02-07,1512,2,4,15,2,N,B,Y,B,H,A,A,01,S,08,E,,,,,I,Y,N,D,2,0,0,0,22107.0,1,36.76814553,-121.30210555,4
2017,2017-02-03,1500,2,4,15,5,N,A,N,A,H,A,D,22,S,09,D,,,,,C,Y,N,D,3,0,0,0,21801.0,2,36.93003622,-121.38398519,3
2017,2017-02-11,1040,2,4,10,6,N,A,N,A,G,A,L,04,W,03,F,,Y,,,A,N,N,D,1,0,1,0,22350.0,1,36.87708913,-121.5739566,3
2017,2017-02-06,530,2,4,5,1,N,C,Y,B,H,D,A,01,S,03,F,,,,,A,Y,N,D,4,0,0,0,22350.0,2,36.86148501,-121.61096331,4
2017,2017-02-22,755,2,4,7,3,N,B,Y,A,H,A,A,01,E,08,E,,,,,I,Y,N,D,1,0,0,0,22107.0,1,36.86104425,-121.57776188,3
2017,2017-02-20,1025,2,4,10,1,N,C,Y,B,H,A,D,22,N,03,B,,,,,C,Y,N,D,1,0,0,0,22350.0,2,36.90974506,-121.55575536,4
2017,2017-02-20,2316,2,4,23,1,N,B,Y,B,H,D,A,01,N,08,E,,,,,I,Y,N,D,2,0,0,0,22107.0,1,36.86276166,-121.61669021,2
2017,2017-02-20,2317,2,4,23,1,N,B,Y,B,C,D,A,07,N,01,C,,,,,C,Y,N,D,4,0,0,0,23152.0,3,36.86276166,-121.61669021,2
2017,2017-02-28,740,2,4,7,2,N,A,Y,A,H,A,A,01,N,03,C,,,,,C,Y,N,D,1,0,0,0,22350.0,3,36.90146024,-121.43310891,4
2017,2017-02-27,1642,2,4,16,1,N,A,Y,A,H,A,D,22,N,03,C,,,,,C,Y,N,D,1,0,0,0,22350.0,2,36.93831997,-121.49107329,4
2017,2017-02-12,755,2,4,7,7,N,B,N,A,H,A,A,01,N,01,A,,,,,C,Y,N,D,4,0,0,0,23152.0,2,36.95238912,-121.47507183,2
2017,2017-02-17,1620,2,4,16,5,N,B,N,B,H,A,D,22,S,08,E,,,,,I,N,N,D,1,0,0,0,22107.0,1,36.82391482,-121.40120451,4
2017,2017-03-03,855,3,1,8,5,N,A,N,A,H,A,A,01,W,08,E,,,,,I,Y,N,D,1,0,0,0,22107.0,1,36.85800918,-121.63091644,3
2017,2017-02-24,845,2,4,8,5,N,A,Y,A,H,A,A,07,N,03,C,,,,,C,Y,N,D,1,0,0,0,22350.0,2,36.9340654,-121.48211525,4
2017,2017-03-05,410,3,1,4,7,N,C,Y,B,H,D,A,07,E,01,F,,,,,A,Y,N,D,1,0,0,0,23152.0,1,36.84127512,-121.50144911,3
2017,2017-03-12,1610,3,1,16,7,N,A,Y,A,H,A,A,01,S,03,C,,,,,C,Y,N,D,1,0,0,0,22350.0,3,36.90052602,-121.55646683,4
2016,2016-11-23,550,11,3,5,3,Y,B,N,B,H,D,A,01,,09,D,,,,,C,Y,N,A,0,0,0,0,21802.0,2,36.85716007,-121.41453987,1
2017,2017-03-20,130,3,1,1,1,N,A,Y,A,H,D,D,22,S,08,F,,,,,A,Y,N,D,1,0,0,0,22107.0,1,36.72279464,-121.27907428,3
2017,2017-03-20,1902,3,1,19,1,N,B,N,B,H,D,A,07,N,03,C,,,,,C,Y,N,D,2,0,0,0,22350.0,3,36.95132103,-121.41436085,3
2017,2017-03-17,2245,3,1,22,5,N,A,Y,A,H,D,A,01,N,08,E,,,,,I,Y,M,D,1,0,0,0,22107.0,1,36.89031351,-121.5572773,3
2017,2017-02-16,1322,2,4,13,4,N,B,N,A,H,A,A,01,N,08,A,,,,,C,Y,N,D,4,0,0,0,22107.0,2,36.88142144,-121.36367,1
2017,2017-03-25,2030,3,1,20,6,N,B,Y,A,H,D,A,01,W,01,E,,,,,I,Y,N,D,2,0,0,0,23152.0,2,36.84119329,-121.50962848,2
2017,2017-03-21,640,3,1,6,2,N,B,Y,B,H,B,A,01,S,03,B,,,,,C,Y,N,D,1,0,0,0,22350.0,2,36.86014787,-121.60879083,3
2017,2017-03-25,628,3,1,6,6,N,B,Y,B,H,D,A,01,S,03,D,,,,,C,Y,N,D,4,0,0,0,22350.0,3,36.86270664,-121.61525628,2
2017,2017-03-25,1057,3,1,10,6,N,A,N,A,H,A,L,04,N,03,F,,Y,,,A,Y,N,D,2,0,2,0,22350.0,2,36.90810171,-121.4039559,2
2017,2017-03-30,1040,3,1,10,4,N,A,Y,A,H,A,A,01,N,03,C,,,,,C,Y,N,D,1,0,0,0,22350.0,2,36.91312784,-121.55155771,4
2016,2016-12-07,1930,12,4,19,3,N,B,N,B,H,D,A,01,E,03,F,,,,,A,Y,N,D,1,0,0,0,22350.0,1,36.72084103,-121.26103878,3
2017,2017-03-26,1348,3,1,13,7,N,A,Y,A,H,A,A,07,E,03,C,,,,,C,Y,N,D,3,0,0,0,22350.0,2,36.84167782,-121.46745028,4
2017,2017-03-26,1320,3,1,13,7,Y,A,Y,A,H,A,A,07,,09,D,,,,,C,Y,N,D,2,0,0,0,21802.0,2,36.85775,-121.62783,3
2017,2017-03-30,805,3,1,8,4,N,B,N,A,H,A,A,01,E,08,E,,,,,I,Y,N,D,3,0,0,0,22107.0,1,36.82680023,-121.33274355,3
2017,2017-03-24,1545,3,1,15,5,N,B,N,B,H,A,A,07,E,05,A,,,,,C,Y,N,D,2,0,0,0,21460.0,2,36.86096024,-121.53687295,4
2017,2017-03-28,1655,3,1,16,2,N,A,Y,A,H,A,A,07,E,03,C,,,,,C,Y,N,D,2,0,0,0,22350.0,3,36.841237,-121.50464899,3
2017,2017-04-01,2020,4,1,20,6,N,A,Y,A,H,D,A,01,,01,C,,,,,C,Y,M,D,1,0,0,0,23152.0,3,36.90037742,-121.59722532,3
2017,2017-04-09,640,4,1,6,7,N,A,Y,A,H,A,A,01,E,08,E,,,,,I,Y,N,D,2,0,0,0,22107.0,1,36.85189921,-121.56529905,4
2017,2017-04-08,2035,4,1,20,6,Y,A,N,A,H,D,C,02,,01,E,,,Y,,I,Y,N,D,1,0,0,1,23152.0,1,36.95137006,-121.36932986,2
2017,2017-04-09,1520,4,1,15,7,N,A,Y,A,H,A,A,01,N,03,C,,,,,C,Y,N,D,1,0,0,0,22350.0,4,36.88915734,-121.55774086,4
2017,2017-04-06,2334,4,1,23,4,Y,B,Y,B,H,C,A,01,,12,D,,,,Y,C,Y,N,A,2,0,0,0,21453.0,2,36.89558256,-121.42734179,2
2017,2017-04-13,1708,4,1,17,4,N,A,Y,A,H,A,D,22,N,08,E,,,,,I,N,N,D,1,0,0,0,22107.0,1,36.87680666,-121.56778557,4
2017,2017-04-13,230,4,1,2,4,N,B,Y,B,H,D,A,01,S,03,F,,,,,A,Y,N,D,2,0,0,0,22350.0,1,36.86120974,-121.61055398,3
2017,2017-04-17,1255,4,1,12,1,N,B,Y,B,H,A,D,22,W,08,E,,,,,I,Y,N,D,1,0,0,0,22107.0,1,36.84138825,-121.49368959,4
2017,2017-04-17,1915,4,1,19,1,N,B,Y,B,H,A,A,01,S,08,E,,,,,I,Y,N,D,1,0,0,0,22107.0,1,36.86057005,-121.60939165,3
2017,2017-03-14,615,3,1,6,2,N,A,N,A,H,B,A,01,E,08,E,,,,,I,N,M,C,1,0,0,0,22107.0,1,36.85792,-121.62788,4
2017,2017-04-20,2150,4,1,21,4,N,A,N,A,H,D,A,01,W,01,E,,,,,I,Y,N,D,1,0,0,0,23152.0,1,36.86052378,-121.60429311,4
2017,2017-04-18,555,4,1,5,2,N,B,Y,B,H,A,A,07,N,07,D,,,,,C,Y,N,D,1,0,0,0,21658.0,2,36.85995976,-121.60770203,4
2017,2017-04-23,1610,4,1,16,7,N,A,Y,A,H,A,A,07,E,03,B,,,,,C,N,N,D,2,0,0,0,22350.0,2,36.84715105,-121.45371368,4
2017,2017-04-23,1530,4,1,15,7,N,A,N,A,H,A,A,01,S,03,A,,,,,C,Y,N,D,2,0,0,0,22350.0,2,36.79541597,-121.26147664,3
2017,2017-04-26,20,4,1,0,3,N,A,Y,A,H,D,A,01,S,08,F,,,,,A,Y,N,D,2,0,0,0,22107.0,1,36.86068811,-121.60967895,2
2017,2017-04-29,1635,4,1,16,6,N,A,Y,A,H,A,G,25,W,03,C,,,,Y,C,N,N,D,1,0,0,0,22350.0,2,36.84150645,-121.48306027,4
2017,2017-04-09,927,4,1,9,7,N,A,Y,A,H,A,C,02,W,03,C,,,Y,,C,Y,N,D,1,0,0,1,22350.0,2,36.84120768,-121.50871414,2
2017,2017-05-03,640,5,1,6,3,N,A,Y,A,H,A,A,01,S,03,C,,,,,C,Y,N,D,1,0,0,0,22350.0,2,36.86135993,-121.58455717,4
2017,2017-04-30,1730,4,1,17,7,N,A,Y,A,C,A,C,02,N,03,C,,,Y,,C,Y,N,D,3,0,0,3,22350.0,3,36.58594493,-121.19539127,4
2017,2017-05-04,1547,5,1,15,4,N,A,Y,A,H,A,A,01,W,03,C,,,,,C,Y,N,D,2,0,0,0,22350.0,2,36.92924829,-121.38935095,3
2017,2017-05-05,1740,5,1,17,5,N,A,Y,A,H,A,A,01,W,03,C,,,,,C,Y,N,D,1,0,0,0,22350.0,2,36.84789856,-121.55395175,4
2017,2017-05-03,545,5,1,5,3,N,A,Y,A,H,A,A,01,E,03,C,,,,,C,Y,N,D,1,0,0,0,22350.0,2,36.84163523,-121.47160995,2
2017,2017-05-07,1150,5,1,11,7,N,B,Y,A,H,A,C,02,N,08,E,,,Y,,I,Y,N,D,1,0,0,1,22107.0,1,36.42834434,-121.0220555,2