ACCIDENT_YEAR,COLLISION_DATE,COLLISION_TIME,MONTH,SEASON,24HOURS,DAY_OF_WEEK,INTERSECTION,WEATHER_1,STATE_HWY_IND,ROAD_SURFACE,ROAD_COND_1,LIGHTING,STWD_VEHTYPE_AT_FAULT,CHP_VEHTYPE_AT_FAULT,DIRECTION,PCF_VIOL_CATEGORY,TYPE_OF_COLLISION,PEDESTRIAN_ACCIDENT,BICYCLE_ACCIDENT,MOTORCYCLE_ACCIDENT,TRUCK_ACCIDENT,MVIW,TOW_AWAY,HIT_AND_RUN,CONTROL_DEVICE,NUMBER_INJURED,COUNT_PED_INJURED,COUNT_BICYCLIST_INJURED,COUNT_MC_INJURED,PCF_VIOLATION,PARTY_COUNT,POINT_Y,POINT_X,COLLISION_SEVERITY
2019,2019-09-02,1110,9,3,11,1,N,A,Y,A,H,A,C,02,S,03,C,,,Y,,C,Y,N,D,1,0,0,1,22350.0,2,36.85951232910156,-121.59481048583984,2
2019,2019-09-04,1415,9,3,14,3,N,A,N,A,H,A,C,02,S,08,E,,,Y,,I,Y,N,D,1,0,0,1,22107.0,1,36.93910217285156,-121.40594482421876,2
2019,2019-09-04,1700,9,3,17,3,N,A,Y,A,H,A,D,22,N,03,C,,,,,C,Y,N,D,1,0,0,0,22350.0,4,36.910682678222656,-121.44208526611328,3
2019,2019-07-20,215,7,2,2,6,Y,B,Y,A,H,C,G,26,,12,D,,,,Y,C,Y,N,A,5,0,0,0,21453.0,2,36.895671844482415,-121.42739868164062,1
2019,2019-09-09,2125,9,3,21,1,N,A,Y,A,H,D,A,01,N,08,F,,,,,A,Y,N,D,1,0,0,0,22107.0,1,36.936161041259766,-121.48649597167967,4
2019,2019-09-08,1645,9,3,16,7,N,A,N,A,H,A,A,01,S,03,F,,,,,A,Y,N,D,1,0,0,0,22350.0,1,36.80812454223633,-121.3687744140625,3
2019,2019-09-18,635,9,3,6,3,N,A,Y,A,H,A,A,08,E,03,C,,,,,C,Y,N,D,1,0,0,0,22350.0,2,36.86151123046875,-121.58579254150392,4
2019,2019-09-11,2240,9,3,22,3,N,A,Y,A,H,D,A,01,S,01,C,,,,Y,C,Y,N,D,1,0,0,0,23152.0,2,36.875099182128906,-121.57030487060548,2
2019,2019-09-19,735,9,3,7,4,N,A,Y,A,H,A,A,01,S,03,C,,,,,C,N,N,D,1,0,0,0,22350.0,2,36.92275238037109,-121.4581298828125,4
2019,2019-09-14,1300,9,3,13,6,N,A,Y,A,H,A,A,01,N,08,E,,,,,I,N,N,D,2,0,0,0,22107.0,2,36.859622955322266,-121.60134887695312,4
2019,2019-09-17,540,9,3,5,2,N,A,Y,A,H,D,A,07,S,08,E,,,,,I,Y,N,D,1,0,0,0,22107.0,1,36.85976791381836,-121.60568237304688,4
2019,2019-09-23,630,9,3,6,1,N,A,Y,A,H,B,A,08,W,03,C,,,,,C,N,N,D,1,0,0,0,22350.0,2,36.84855270385742,-121.452880859375,4
2019,2019-09-18,630,9,3,6,3,Y,A,N,A,H,D,A,01,,09,D,,,,,C,Y,N,A,1,0,0,0,21802.0,3,,,4
2019,2019-09-18,905,9,3,9,3,N,A,N,A,H,A,D,22,N,08,D,,,,,C,Y,N,D,1,0,0,0,22107.0,2,36.954219818115234,-121.47787475585938,4
2019,2019-09-20,1130,9,3,11,5,N,A,N,A,H,A,M,51,W,08,G,Y,,,,B,N,N,D,3,3,0,0,22107.0,5,36.86865615844727,-121.3830108642578,4
2019,2019-09-23,1837,9,3,18,1,Y,A,Y,A,H,A,A,07,,09,A,,,,,C,Y,N,D,3,0,0,0,21801.0,2,36.86959457397461,-121.4065170288086,2
2019,2019-09-25,800,9,3,8,3,N,A,N,A,H,A,A,01,E,09,D,,,,,C,Y,N,D,1,0,0,0,21804.0,2,36.857234954833984,-121.4164810180664,4
2019,2019-09-27,2340,9,3,23,5,N,B,N,A,H,C,A,01,N,03,C,,,,,C,Y,N,A,1,0,0,0,22350.0,3,36.895729064941406,-121.42748260498048,4
2019,2019-09-30,2250,9,3,22,1,N,A,N,A,H,C,A,07,N,01,E,,,,,I,N,N,D,1,0,0,0,23152.0,1,36.917156219482415,-121.44841766357422,4
2019,2019-09-27,620,9,3,6,5,N,A,Y,A,H,D,A,01,S,08,F,,,,,A,Y,N,D,1,0,0,0,22107.0,1,36.859840393066406,-121.59239959716795,3
2019,2019-10-02,1635,10,3,16,3,N,A,N,A,H,A,A,07,N,03,C,,,,,C,N,N,D,1,0,0,0,22350.0,3,36.856639862060554,-121.3636474609375,4
2019,2019-10-06,1120,10,3,11,7,Y,A,N,A,H,A,D,22,,09,D,,,,,C,N,N,A,2,0,0,0,21802.0,2,36.85886001586913,-121.62964630126952,4
2019,2019-10-01,1255,10,3,12,2,N,A,Y,A,H,A,A,01,E,03,C,,,,,C,N,N,D,1,0,0,0,22350.0,2,36.93389129638672,-121.38794708251952,4
2019,2019-10-12,1630,10,3,16,6,Y,A,Y,A,H,A,G,25,,12,D,,,,Y,C,Y,N,A,1,0,0,0,21453.0,3,36.89569091796875,-121.42739105224608,3
2019,2019-10-14,650,10,3,6,1,Y,A,Y,A,H,B,A,07,,09,D,,,,,C,Y,N,D,2,0,0,0,21802.0,2,36.86370849609375,-121.44408416748048,3
2019,2019-10-16,610,10,3,6,3,N,B,Y,A,H,D,A,01,W,03,C,,,,,C,N,N,D,2,0,0,0,22350.0,2,36.84778594970703,-121.45333099365234,4
2019,2019-10-15,1655,10,3,16,2,N,A,Y,A,H,A,A,01,N,03,C,,,,,C,N,N,D,2,0,0,0,22350.0,3,36.889114379882805,-121.55796813964844,3
2019,2019-10-15,1850,10,3,18,2,N,A,Y,A,H,A,A,08,N,03,C,,,,,C,Y,N,D,1,0,0,0,22350.0,2,36.89607238769531,-121.55652618408205,4
2019,2019-10-16,204,10,3,2,3,N,A,N,A,H,D,A,01,W,03,E,,,,,I,Y,N,D,1,0,0,0,22350.0,1,36.82448196411133,-121.28179168701172,3
2019,2019-10-17,1820,10,3,18,4,N,A,N,A,H,A,D,22,W,08,E,,,,,I,Y,N,D,1,0,0,0,22107.0,1,36.857059478759766,-121.52507781982422,2
2019,2019-10-18,1225,10,3,12,5,N,A,Y,A,H,A,A,01,E,03,C,,,,,C,Y,N,D,3,0,0,0,22350.0,3,36.841217041015625,-121.50652313232422,3
2019,2019-10-20,2048,10,3,20,7,N,A,Y,A,H,D,A,01,E,01,B,,,,,C,Y,N,D,1,0,0,0,23152.0,2,36.934059143066406,-121.3878936767578,3
2019,2019-10-20,616,10,3,6,7,Y,A,Y,A,H,C,G,25,,12,D,,,,Y,C,Y,N,A,1,0,0,0,21453.0,2,36.89576721191406,-121.4273681640625,4
2019,2019-10-19,2050,10,3,20,6,N,A,Y,A,H,D,A,01,W,07,B,,,,,C,Y,F,D,2,0,0,0,21658.0,2,36.90787506103516,-121.40388488769533,4
2019,2019-10-06,1859,10,3,18,7,N,A,Y,A,H,D,A,01,W,03,C,,,,,C,Y,N,D,8,0,0,0,22350.0,3,36.84137725830078,-121.49440002441406,2
2019,2019-10-26,2155,10,3,21,6,N,A,N,A,H,D,C,02,S,01,F,,,Y,,A,Y,N,D,1,0,0,1,23152.0,1,36.86819839477539,-121.36367034912108,4
2019,2019-10-25,2325,10,3,23,5,N,A,Y,A,H,D,A,01,S,08,E,,,,,I,Y,N,D,1,0,0,0,22107.0,1,36.92835235595703,-121.4699935913086,3
2019,2019-10-25,2125,10,3,21,5,N,A,Y,A,H,D,D,22,N,01,E,,,,,I,Y,N,D,1,0,0,0,23152.0,1,36.86225128173828,-121.5780029296875,2
2019,2019-10-25,1000,10,3,10,5,Y,A,N,A,H,A,D,22,,09,D,,,,,C,Y,N,D,1,0,0,0,21802.0,2,36.84651184082031,-121.36363983154295,4
2019,2019-10-26,1559,10,3,15,6,N,A,Y,A,H,A,D,22,E,03,C,,,,,C,Y,N,D,1,0,0,0,22350.0,2,36.84151840209961,-121.48184204101562,4
2019,2019-10-28,600,10,3,6,1,N,A,Y,A,H,C,D,22,S,03,C,,,,,C,Y,N,D,2,0,0,0,22350.0,2,36.93048095703125,-121.47451019287108,2
2019,2019-10-31,1425,10,3,14,4,N,A,N,A,H,A,D,22,N,08,F,,,,,A,Y,N,D,3,0,0,0,22107.0,1,36.83832550048828,-121.42498779296876,3
2019,2019-11-02,1345,11,3,13,6,N,A,Y,A,H,A,A,01,E,03,C,,,,,C,Y,N,D,3,0,0,0,22350.0,2,36.84122848510742,-121.50560760498048,3
2019,2019-11-04,750,11,3,7,1,N,A,N,A,H,A,A,01,E,09,D,,,,,C,Y,N,D,3,0,0,0,21804.0,2,36.93741226196289,-121.40094757080078,3
2019,2019-11-05,2200,11,3,22,2,N,A,N,A,H,D,D,22,E,08,E,,,,,I,Y,F,D,1,0,0,0,22107.0,1,36.80815887451172,-121.25385284423828,3
2019,2019-11-01,1845,11,3,18,5,N,A,Y,A,H,B,A,01,E,01,C,,,,,C,Y,N,D,2,0,0,0,23152.0,2,36.86180114746094,-121.57927703857422,3
2019,2019-11-13,850,11,3,8,3,N,B,Y,A,H,A,A,01,N,03,C,,,,,C,N,N,D,1,0,0,0,22350.0,2,36.93417739868164,-121.48235321044922,4
2019,2019-11-14,1405,11,3,14,4,N,A,Y,A,H,A,D,22,S,08,F,,,,,I,Y,N,D,1,0,0,0,22107.0,1,36.51683044433594,-121.12973785400392,4
2019,2019-11-13,1746,11,3,17,3,N,A,N,A,H,C,A,01,E,08,E,,,,,I,Y,N,D,2,0,0,0,22107.0,1,36.88230895996094,-121.55982208251952,3
2019,2019-11-15,1500,11,3,15,5,N,A,Y,A,H,A,G,25,E,03,C,,,,Y,C,Y,N,D,2,0,0,0,22350.0,2,36.90174865722656,-121.42570495605467,4
2019,2019-11-14,515,11,3,5,4,N,A,N,A,H,D,A,01,S,03,C,,,,,C,Y,N,D,1,0,0,0,22350.0,3,36.92951583862305,-121.40734100341795,4
2019,2019-10-04,844,10,3,8,5,N,A,N,A,H,A,A,01,S,01,A,,,,,C,Y,N,D,2,0,0,0,23152.0,3,36.96345901489258,-121.49199676513672,1
2019,2019-11-23,1905,11,3,19,6,N,A,Y,A,H,C,-,99,E,03,C,,,,,C,Y,F,A,1,0,0,0,22350.0,2,36.8515625,-121.45149993896484,4
2019,2019-11-24,1559,11,3,15,7,Y,A,N,A,H,A,A,08,,12,B,,,,,C,N,N,A,1,0,0,0,22450.0,2,36.883010864257805,-121.56266021728516,3
2019,2019-12-01,1320,12,4,13,7,N,B,Y,B,H,A,-,- ,S,18,E,,,,,J,Y,N,D,1,0,0,0,,1,36.860137939453125,-121.59092712402344,4
2019,2019-12-02,1045,12,4,10,1,N,C,Y,B,H,A,A,01,W,03,C,,,,,C,Y,N,D,1,0,0,0,22350.0,3,36.89981460571289,-121.59622192382812,3
2019,2019-11-25,1210,11,3,12,1,Y,A,Y,A,H,A,A,01,,02,C,,,,,C,Y,F,D,1,0,0,0,22400.0,3,36.85960006713867,-121.60411834716795,4
2019,2019-12-07,1320,12,4,13,6,N,B,Y,A,H,A,A,01,S,07,B,,,,,C,N,N,D,2,0,0,0,21658.0,3,36.89301681518555,-121.55623626708984,4
2019,2019-12-03,2010,12,4,20,2,Y,A,N,A,H,C,A,07,,09,A,,,,,C,Y,N,A,2,0,0,0,21453.0,2,36.82688903808594,-121.38790893554688,4
2019,2019-12-04,535,12,4,5,3,N,C,Y,B,H,B,A,01,E,03,E,,,,,I,Y,N,D,1,0,0,0,22350.0,1,36.848915100097656,-121.55960845947266,4
2019,2019-12-10,1715,12,4,17,2,Y,A,N,A,H,E,A,07,,09,D,,,,,C,Y,N,D,1,0,0,0,21453.0,2,36.90785217285156,-121.40397644042967,4
2019,2019-11-20,1600,11,3,16,3,Y,A,N,A,H,A,A,07,,09,D,,,,,C,Y,N,A,2,0,0,0,21802.0,2,36.8525505065918,-121.40386199951172,3
2019,2019-12-13,728,12,4,7,5,N,A,Y,A,H,A,A,07,N,05,A,,,,,C,Y,F,D,1,0,0,0,21460.0,2,36.88336563110352,-121.41661071777344,4
2019,2019-12-18,1540,12,4,15,3,N,C,Y,A,H,A,A,07,E,03,C,,,,,C,N,N,A,1,0,0,0,22350.0,2,36.933326721191406,-121.38811492919922,4
2019,2019-12-16,1110,12,4,11,1,Y,A,Y,A,H,A,A,07,,09,D,,,,,C,Y,N,A,1,0,0,0,21802.0,2,36.86119079589844,-121.57859802246094,4
2019,2019-12-15,1855,12,4,18,7,Y,A,Y,A,H,B,A,01,,09,D,,,,,C,Y,N,A,2,0,0,0,21802.0,2,36.86958694458008,-121.40650939941406,4
2019,2019-12-15,725,12,4,7,7,N,A,Y,A,H,A,A,01,W,08,F,,,,,A,Y,N,D,1,0,0,0,22107.0,1,36.86264419555664,-121.58121490478516,4
2019,2019-12-16,725,12,4,7,1,N,B,Y,A,H,A,D,22,S,08,E,,,,,I,Y,N,D,1,0,0,0,22107.0,1,36.76837158203125,-121.30238342285156,2
2019,2019-12-14,1155,12,4,11,6,N,A,Y,A,H,A,C,02,N,03,C,,,Y,,C,N,N,D,1,0,0,1,22350.0,2,,,3
2019,2019-12-19,1205,12,4,12,4,Y,A,N,A,H,A,A,07,,12,D,,,,Y,C,Y,N,A,2,0,0,0,22450.0,2,36.94075012207031,-121.41095733642578,3
2019,2019-12-14,410,12,4,4,6,N,B,Y,A,H,D,G,25,N,03,C,,,,Y,C,Y,N,D,2,0,0,0,22350.0,2,36.86228561401367,-121.61246490478516,4
2019,2019-12-15,1705,12,4,17,7,N,A,Y,A,H,D,A,01,S,08,E,,,,,I,Y,N,D,1,0,0,0,22107.0,1,,,4
2019,2019-12-18,1655,12,4,16,3,N,C,Y,B,H,D,A,01,S,03,C,,,,,C,N,N,D,2,0,0,0,22350.0,2,36.85986328125,-121.6038818359375,4
2019,2019-12-22,2055,12,4,20,7,N,B,Y,A,H,D,-,- ,W,18,H,,,,,H,Y,N,D,1,0,0,0,,1,36.955345153808594,-121.38317108154295,4
2019,2019-12-23,505,12,4,5,1,N,A,N,A,H,D,D,22,E,08,A,,,,,C,Y,N,D,1,0,0,0,22107.0,2,36.82666015625,-121.42922973632812,4
2019,2019-12-21,2041,12,4,20,6,N,A,Y,A,H,C,A,07,S,08,E,,,,,I,Y,N,D,1,0,0,0,22107.0,2,36.93003082275391,-121.47340393066406,4
2019,2019-12-27,1200,12,4,12,5,N,A,Y,A,H,A,A,01,S,03,C,,,,,C,N,N,D,4,0,0,0,22350.0,2,36.87834167480469,-121.5651626586914,4
2019,2019-12-31,2207,12,4,22,2,N,A,Y,A,H,D,A,01,N,03,C,,,,,C,Y,N,D,1,0,0,0,22350.0,2,36.86824035644531,-121.57362365722656,4
2019,2019-12-14,409,12,4,4,6,N,B,Y,B,H,D,D,22,N,08,E,,,,,I,Y,N,D,1,0,0,0,22107.0,1,36.86228561401367,-121.61246490478516,4
2019,2019-12-28,855,12,4,8,6,N,A,Y,A,H,A,E,22,S,07,B,,,,Y,C,Y,N,D,1,0,0,0,21658.0,3,36.86125183105469,-121.6108627319336,4
2020,2020-01-12,2150,1,4,21,7,N,A,N,A,H,D,A,01,S,01,F,,,,,A,Y,N,D,2,0,0,0,23152.0,1,36.93848419189453,-121.45639038085938,3
2020,2020-01-08,1910,1,4,19,3,N,A,N,A,H,C,A,01,S,03,C,,,,,C,N,N,A,1,0,0,0,22350.0,2,36.90784454345703,-121.40391540527344,4
2019,2019-06-09,1705,6,2,17,7,N,A,Y,A,D,A,A,01,S,01,A,,,,,C,Y,N,D,1,0,0,0,23152.0,2,36.86417007446289,-121.39179229736328,1
2020,2020-01-15,915,1,4,9,3,N,A,Y,A,H,A,A,08,W,09,B,,,,,C,Y,N,D,1,0,0,0,21804.0,2,36.84174728393555,-121.46116638183594,4
2020,2020-05-23,1314,5,1,13,6,N,A,N,A,H,A,-,- ,N,18,G,,,,,I,Y,N,D,1,0,0,0,,2,,,4
2020,2020-01-19,1325,1,4,13,7,N,A,Y,A,H,A,A,07,W,21,C,,,,,C,N,N,A,1,0,0,0,22106.0,2,36.93182373046875,-121.38856506347656,4
2020,2020-01-12,1820,1,4,18,7,N,A,N,A,H,D,A,01,S,05,B,,,,,C,Y,N,D,1,0,0,0,21460.0,2,36.82344436645508,-121.40065002441406,3
2020,2020-01-17,815,1,4,8,5,N,A,Y,A,H,A,A,01,S,21,C,,,,,C,N,N,D,2,0,0,0,22106.0,2,36.895366668701165,-121.42713165283205,4
2020,2020-01-22,100,1,4,1,3,N,C,Y,B,H,D,A,01,N,03,E,,,,,I,Y,N,D,1,0,0,0,22350.0,1,36.86214447021485,-121.61211395263672,3
2020,2020-01-22,110,1,4,1,3,N,C,Y,B,C,D,-,- ,N,18,E,,,,,C,Y,N,D,1,0,0,0,,2,36.861522674560554,-121.61101531982422,3
2020,2020-01-24,1650,1,4,16,5,N,A,N,A,H,A,-,99,,07,E,,,,,I,Y,M,D,1,0,0,0,21658.0,2,36.852500915527344,-121.44480895996094,4
2020,2020-02-06,600,2,4,6,4,N,A,Y,A,H,D,A,07,S,03,C,,,,,C,Y,N,D,1,0,0,0,22350.0,2,36.92627716064453,-121.46560668945312,4
2020,2020-02-05,1500,2,4,15,3,N,A,N,A,H,A,A,01,E,01,E,,,,,I,Y,N,D,1,0,0,0,23152.0,1,36.8609619140625,-121.5370635986328,3
2020,2020-02-13,1907,2,4,19,4,N,A,Y,A,H,D,A,01,N,03,C,,,,,C,Y,N,D,3,0,0,0,22350.0,2,37.19768905639648,-121.70346069335938,3
2020,2020-01-31,620,1,4,6,5,Y,B,N,A,H,D,H,13,,21,H,,,,,A,Y,N,D,1,0,0,0,22106.0,1,36.94430160522461,-121.41210174560548,4
2020,2020-02-15,1315,2,4,13,6,N,A,N,A,H,A,A,01,W,08,F,,,,,A,Y,N,D,1,0,0,0,22107.0,1,36.7339096069336,-121.36580657958984,2
2020,2020-02-24,710,2,4,7,1,N,B,Y,A,H,A,A,01,N,03,C,,,,,C,Y,N,D,1,0,0,0,22350.0,4,36.93546295166016,-121.48506927490234,4
2020,2020-02-24,1600,2,4,16,1,N,A,Y,A,H,A,A,07,W,03,C,,,,,C,Y,N,A,1,0,0,0,22350.0,2,36.93233108520508,-121.38841247558594,4
2020,2020-02-29,1002,2,4,10,6,N,B,Y,A,H,A,-,- ,N,18,C,,,,,C,Y,N,D,1,0,0,0,,4,36.89588928222656,-121.42764282226562,4
2020,2020-03-01,930,3,1,9,7,N,B,N,A,A,A,A,07,S,08,F,,,,,A,Y,N,D,3,0,0,0,22107.0,1,36.47927474975586,-120.78189849853516,2
2020,2020-02-28,1440,2,4,14,5,N,A,N,A,H,A,C,02,N,03,F,,,Y,,A,Y,N,D,1,0,0,1,22350.0,1,36.8103141784668,-121.37943267822266,3
2020,2020-05-16,1509,5,1,15,6,N,A,Y,A,H,A,C,02,N,03,E,,,Y,,I,Y,N,D,1,0,0,1,22350.0,1,36.83526611328125,-121.38823699951172,3
2020,2020-03-07,1630,3,1,16,6,N,B,N,A,H,A,A,01,S,09,D,,,,,C,Y,N,D,1,0,0,0,21804.0,2,36.7166748046875,-121.34518432617188,4
2020,2020-03-11,735,3,1,7,3,N,A,Y,A,H,B,D,22,W,03,C,,,,,C,Y,N,D,1,0,0,0,22350.0,2,36.84729766845703,-121.45365142822266,4
2020,2020-03-14,1900,3,1,19,6,N,B,Y,A,H,D,A,01,S,08,E,,,,,I,Y,N,D,1,0,0,0,22107.0,1,,,4
2020,2020-03-06,651,3,1,6,5,N,B,N,A,H,B,D,22,N,08,E,,,,,I,Y,N,D,0,0,0,0,22107.0,1,36.847461700439446,-121.36363983154295,1
2020,2020-03-30,1130,3,1,11,1,N,A,N,A,H,A,D,22,N,03,C,,,,,C,Y,N,D,3,0,0,0,22350.0,2,36.90855407714844,-121.36578369140624,4
2020,2020-03-27,1120,3,1,11,5,N,B,N,A,H,A,C,02,,03,F,,,Y,,A,Y,N,D,1,0,0,1,22350.0,1,36.83195877075195,-121.54611206054688,2
2020,2020-03-29,1240,3,1,12,7,Y,A,Y,A,H,A,A,01,,12,D,,,,,C,Y,N,A,1,0,0,0,21453.0,2,36.895610809326165,-121.4273681640625,4
2020,2020-03-29,43,3,1,0,7,N,B,Y,B,H,C,A,01,S,03,F,,,,,A,Y,N,D,1,0,0,0,22350.0,1,36.86169052124024,-121.58226776123048,4
2020,2020-04-01,1150,4,1,11,3,N,A,Y,A,H,A,-,- ,S,18,D,,,Y,,H,Y,N,D,1,0,0,1,,1,36.3584098815918,-120.97228240966795,2
2020,2020-04-11,1400,4,1,14,6,Y,A,Y,A,H,A,G,25,,12,D,,,,Y,C,Y,N,A,1,0,0,0,21453.0,2,36.89561462402344,-121.42741394042967,3
2020,2020-04-04,1300,4,1,13,6,N,A,Y,A,H,A,A,01,S,01,E,,,,,I,Y,N,D,1,0,0,0,23152.0,1,36.86304473876953,-121.61418151855467,2
2020,2020-04-11,1318,4,1,13,6,N,A,Y,A,H,A,C,02,N,08,F,,,Y,,A,Y,N,D,1,0,0,1,22107.0,1,36.75710678100586,-121.29548645019533,4
2020,2020-03-02,1505,3,1,15,1,N,A,Y,A,H,A,D,22,E,01,A,,,,,C,Y,N,D,1,0,0,0,23152.0,2,36.9111213684082,-121.397216796875,1
2020,2020-04-17,448,4,1,4,5,N,C,Y,B,H,D,A,01,S,08,E,,,,,I,Y,N,D,1,0,0,0,22107.0,2,36.86277770996094,-121.61585235595705,4
2020,2020-04-24,1836,4,1,18,5,N,A,Y,A,H,A,C,02,N,03,F,,,Y,,A,N,N,D,1,0,0,1,22350.0,1,36.88995742797852,-121.55748748779295,3
2020,2020-04-17,445,4,1,4,5,N,C,Y,B,H,D,-,- ,S,18,D,,,,,C,Y,N,D,1,0,0,0,,2,36.86277770996094,-121.61585235595705,4
2020,2020-04-17,444,4,1,4,5,N,C,Y,B,H,D,A,01,S,03,E,,,,,I,Y,N,D,2,0,0,0,22350.0,1,36.86277770996094,-121.61585235595705,4
2020,2020-04-26,1900,4,1,19,7,N,A,N,A,H,A,C,02,E,01,E,,,Y,,I,N,N,D,1,0,0,1,23152.0,1,36.595176696777344,-120.81529998779295,2
2020,2020-04-23,1045,4,1,10,4,N,A,Y,A,H,A,A,07,N,03,C,,,,,C,Y,N,D,2,0,0,0,22350.0,2,36.882362365722656,-121.56179809570312,2
2020,2020-05-03,435,5,1,4,7,Y,A,N,A,H,C,-,- ,,12,D,,,,,C,Y,N,A,3,0,0,0,21453.0,2,36.827739715576165,-121.40000915527344,4
2020,2020-05-08,1400,5,1,14,5,N,A,Y,A,H,A,A,01,S,03,C,,,,,C,Y,N,D,1,0,0,0,22350.0,2,36.94635009765625,-121.50806427001952,3
2020,2020-05-12,100,5,1,1,2,N,C,Y,B,H,D,D,22,N,03,B,,,,,C,Y,N,D,1,0,0,0,22350.0,2,36.86590194702149,-121.40318298339844,4
2020,2020-05-11,1645,5,1,16,1,N,A,Y,A,H,A,A,01,W,09,B,,,,Y,C,N,N,D,1,0,0,0,21802.0,2,36.8636589050293,-121.44410705566406,3
2020,2020-05-13,435,5,1,4,3,N,A,N,A,C,C,D,22,N,03,E,,,,,I,Y,N,D,1,0,0,0,22350.0,2,36.8272590637207,-121.41996002197266,4
2020,2020-05-21,1723,5,1,17,4,Y,A,N,A,H,A,A,01,,12,D,,,,,C,N,N,D,1,0,0,0,22450.0,2,36.84748840332031,-121.38375854492188,4
2020,2020-05-31,2250,5,1,22,7,Y,A,N,A,H,D,A,01,,09,D,,,,,C,Y,N,A,1,0,0,0,21800.0,2,36.84832000732422,-121.40109252929688,3
2020,2020-05-24,29,5,1,0,7,N,A,N,A,H,D,A,01,N,03,E,,,,,J,Y,N,A,1,0,0,0,22350.0,1,36.84835433959961,-121.40219116210938,2
2020,2020-05-18,828,5,1,8,1,N,B,N,A,-,A,A,01,W,09,D,,,,,C,N,N,A,1,0,0,0,21802.0,2,36.853237,-121.424216,4
2020,2020-05-07,1534,5,1,15,4,N,A,N,A,H,A,A,01,S,09,H,,,,,D,Y,N,D,2,0,0,0,21804.0,2,36.85243988037109,-121.39898681640624,3
2020,2020-04-15,1018,4,1,10,3,Y,A,Y,A,H,A,G,25,,12,D,,,Y,Y,C,Y,N,A,0,0,0,0,21453.0,3,36.89554977416992,-121.42742919921876,1
2020,2020-05-15,2335,5,1,23,5,N,A,Y,A,H,D,D,22,N,08,E,,,,,I,Y,N,D,1,0,0,0,22107.0,1,36.86271286010742,-121.55294036865234,4
2020,2020-05-19,740,5,1,7,2,N,A,Y,A,H,A,D,22,E,08,C,,,,,E,Y,N,D,1,0,0,0,22107.0,2,36.841121673583984,-121.51412963867188,4
2020,2020-05-24,1400,5,1,14,7,N,A,Y,A,H,A,C,02,N,06,F,,,Y,,A,Y,N,D,2,0,0,2,21755.0,1,36.91558074951172,-121.44686889648438,4
2020,2020-05-23,1845,5,1,18,6,N,A,Y,A,H,A,D,22,N,08,F,,,,,A,Y,N,D,1,0,0,0,22107.0,1,36.921424865722656,-121.3730926513672,4
2020,2020-05-20,340,5,1,3,3,N,B,Y,A,H,D,A,01,N,01,E,,,,,I,Y,N,D,1,0,0,0,23152.0,1,36.91868209838867,-121.45020294189452,3
2020,2020-05-25,1300,5,1,13,1,N,A,Y,A,H,A,A,01,E,21,C,,,,,C,N,N,D,1,0,0,0,22106.0,2,36.84465026855469,-121.45533752441406,4
2020,2020-05-17,1910,5,1,19,7,N,B,N,A,H,A,C,02,W,01,F,,,Y,,A,N,N,D,1,0,0,1,23152.0,1,36.809871673583984,-121.39691162109376,3